{
  "results": {
    "jsquad-1.1-0.3": {
      "exact_match": 35.862224223322826,
      "f1": 46.264251886156444
    },
    "jcommonsenseqa-1.1-0.3": {
      "acc": 0.7220732797140303,
      "acc_stderr": 0.0133978430711737,
      "acc_norm": 0.6586237712243074,
      "acc_norm_stderr": 0.014181247513525484
    },
    "jnli-1.1-0.3": {
      "acc": 0.3985209531635168,
      "acc_stderr": 0.00992578301888985,
      "acc_norm": 0.3742810188989318,
      "acc_norm_stderr": 0.00981109569636444
    },
    "marc_ja-1.1-0.3": {
      "acc": 0.8636363636363636,
      "acc_stderr": 0.004564311271779641,
      "acc_norm": 0.8636363636363636,
      "acc_norm_stderr": 0.004564311271779641
    }
  },
  "versions": {
    "jsquad-1.1-0.3": 1.1,
    "jcommonsenseqa-1.1-0.3": 1.1,
    "jnli-1.1-0.3": 1.1,
    "marc_ja-1.1-0.3": 1.1
  },
  "config": {
    "model": "hf-causal",
    "model_args": "pretrained=sft/models/open-calm-instruct-7b_1.9.4/,tokenizer=cyberagent/open-calm-7b",
    "num_fewshot": [
      2,
      3,
      3,
      3
    ],
    "batch_size": null,
    "device": "cuda",
    "no_cache": false,
    "limit": null,
    "bootstrap_iters": 100000,
    "description_dict": {}
  }
}
