{
  "results": {
    "jsquad-1.1-0.3": {
      "exact_match": 59.34263845114813,
      "f1": 73.13860295063034
    },
    "jcommonsenseqa-1.1-0.3": {
      "acc": 0.5558534405719392,
      "acc_stderr": 0.014860122802670312,
      "acc_norm": 0.30831099195710454,
      "acc_norm_stderr": 0.013811124479483027
    },
    "jnli-1.1-0.3": {
      "acc": 0.2953985209531635,
      "acc_stderr": 0.00924921508921067,
      "acc_norm": 0.3175842235004108,
      "acc_norm_stderr": 0.009438064365860652
    },
    "marc_ja-1.1-0.3": {
      "acc": 0.9041386628935267,
      "acc_stderr": 0.00391561306533889,
      "acc_norm": 0.9041386628935267,
      "acc_norm_stderr": 0.00391561306533889
    },
    "jaqket_v2-0.1-0.3": {
      "exact_match": 17.9553264604811,
      "f1": 31.006768969536488
    },
    "xlsum_ja-1.0-0.3": {
      "rouge2": 2.339856054050597
    },
    "mgsm-1.0-0.3": {
      "acc": 0.092,
      "acc_stderr": 0.018316275379429644
    },
    "xwinograd_ja": {
      "acc": 0.6611053180396246,
      "acc_stderr": 0.015292727421996942
    }
  },
  "versions": {
    "jsquad-1.1-0.3": 1.1,
    "jcommonsenseqa-1.1-0.3": 1.1,
    "jnli-1.1-0.3": 1.1,
    "marc_ja-1.1-0.3": 1.1,
    "jaqket_v2-0.1-0.3": 0.1,
    "xlsum_ja-1.0-0.3": 1.0,
    "xwinograd_ja": 1.0,
    "mgsm-1.0-0.3": 1.0
  },
  "config": {
    "model": "hf-causal-experimental",
    "model_args": "pretrained=meta-llama/Llama-2-7b-chat-hf,use_accelerate=True",
    "num_fewshot": [
      2,
      3,
      3,
      3,
      1,
      1,
      0,
      5
    ],
    "batch_size": 2,
    "device": "cuda",
    "no_cache": false,
    "limit": null,
    "bootstrap_iters": 100000,
    "description_dict": {}
  }
}
