{
  "results": {
    "jsquad-1.1-0.3": {
      "exact_match": 76.13687528140477,
      "f1": 86.24170446058177
    },
    "jcommonsenseqa-1.1-0.3": {
      "acc": 0.7488829311885612,
      "acc_stderr": 0.012969528294765333,
      "acc_norm": 0.40035746201966044,
      "acc_norm_stderr": 0.014653766897279888
    },
    "jnli-1.1-0.3": {
      "acc": 0.2198027937551356,
      "acc_stderr": 0.008395522792803168,
      "acc_norm": 0.30156121610517667,
      "acc_norm_stderr": 0.009304239098715018
    },
    "marc_ja-1.1-0.3": {
      "acc": 0.38892819243013793,
      "acc_stderr": 0.006483975178620039,
      "acc_norm": 0.38892819243013793,
      "acc_norm_stderr": 0.006483975178620039
    },
    "jaqket_v2-0.1-0.3": {
      "exact_match": 67.69759450171821,
      "f1": 74.62526066907506
    },
    "xlsum_ja-1.0-0.3": {
      "rouge2": 18.110069857141642
    },
    "mgsm-1.0-0.3": {
      "acc": 0.1,
      "acc_stderr": 0.01901172751573437
    },
    "xwinograd_ja": {
      "acc": 0.6287799791449427,
      "acc_stderr": 0.015609259235278878
    }
  },
  "versions": {
    "jsquad-1.1-0.3": 1.1,
    "jcommonsenseqa-1.1-0.3": 1.1,
    "jnli-1.1-0.3": 1.1,
    "marc_ja-1.1-0.3": 1.1,
    "jaqket_v2-0.1-0.3": 0.1,
    "xlsum_ja-1.0-0.3": 1.0,
    "xwinograd_ja": 1.0,
    "mgsm-1.0-0.3": 1.0
  },
  "config": {
    "model": "hf-causal-experimental",
    "model_args": "pretrained=meta-llama/Llama-2-13b-hf,use_accelerate=True",
    "num_fewshot": [
      2,
      3,
      3,
      3,
      1,
      1,
      0,
      5
    ],
    "batch_size": 2,
    "device": "cuda",
    "no_cache": false,
    "limit": null,
    "bootstrap_iters": 100000,
    "description_dict": {}
  }
}
