{
  "results": {
    "jsquad-1.1-0.3": {
      "exact_match": 67.69473210265646,
      "f1": 82.68867939081463
    },
    "jcommonsenseqa-1.1-0.3": {
      "acc": 0.7256478999106345,
      "acc_stderr": 0.01334431281465833,
      "acc_norm": 0.3967828418230563,
      "acc_norm_stderr": 0.01463161897855815
    },
    "jnli-1.1-0.3": {
      "acc": 0.3562037797863599,
      "acc_stderr": 0.009708506341194316,
      "acc_norm": 0.3648315529991783,
      "acc_norm_stderr": 0.00975932091977734
    },
    "marc_ja-1.1-0.3": {
      "acc": 0.5992217898832685,
      "acc_stderr": 0.006517879943818406,
      "acc_norm": 0.5992217898832685,
      "acc_norm_stderr": 0.006517879943818406
    },
    "jaqket_v2-0.1-0.3": {
      "exact_match": 48.1958762886598,
      "f1": 63.75233331776556
    },
    "xlsum_ja-1.0-0.3": {
      "rouge2": 15.14282905950018
    },
    "mgsm-1.0-0.3": {
      "acc": 0.132,
      "acc_stderr": 0.021450980824038107
    },
    "xwinograd_ja": {
      "acc": 0.6381647549530761,
      "acc_stderr": 0.015525267319875928
    }
  },
  "versions": {
    "jsquad-1.1-0.3": 1.1,
    "jcommonsenseqa-1.1-0.3": 1.1,
    "jnli-1.1-0.3": 1.1,
    "marc_ja-1.1-0.3": 1.1,
    "jaqket_v2-0.1-0.3": 0.1,
    "xlsum_ja-1.0-0.3": 1.0,
    "xwinograd_ja": 1.0,
    "mgsm-1.0-0.3": 1.0
  },
  "config": {
    "model": "hf-causal-experimental",
    "model_args": "pretrained=meta-llama/Llama-2-13b-chat-hf,use_accelerate=True",
    "num_fewshot": [
      2,
      3,
      3,
      3,
      1,
      1,
      0,
      5
    ],
    "batch_size": 2,
    "device": "cuda",
    "no_cache": false,
    "limit": null,
    "bootstrap_iters": 100000,
    "description_dict": {}
  }
}
